CREATE TABLE `countries`
(
`id` int
(11) NOT NULL auto_increment,
`country_code` varchar
(2) NOT NULL default '',
`country_name` varchar
(20) NOT NULL default '',
`currency_name` varchar
(10) NOT NULL default '',
PRIMARY KEY
(`id`)
) ENGINE=MyISAM DEFAULT CHARSET=utf8;


INSERT INTO `
countries`
VALUES
    (null, 'KR', '韓國', 'KRW');
INSERT INTO `
countries`
VALUES
    (null, 'JP', '日本', 'JPY');
INSERT INTO `
countries`
VALUES
    (null, 'CN', '中國', 'CNY');
INSERT INTO `
countries`
VALUES
    (null, 'PH', '菲律賓', 'PHP');
INSERT INTO `
countries`
VALUES
    (null, 'TH', '泰國', 'THB');
INSERT INTO `
countries`
VALUES
    (null, 'US', '美國', 'USD');

INSERT INTO `countries` VALUES (null, 'AF', '阿富汗');
INSERT INTO `countries` VALUES (null, 'AL', '阿爾巴尼亞');
INSERT INTO `countries` VALUES (null, 'DZ', '阿爾及利亞');
INSERT INTO `countries` VALUES (null, 'DS', '美屬薩摩亞');
INSERT INTO `countries` VALUES (null, 'AD', '安道爾');
INSERT INTO `countries` VALUES (null, 'AO', '安哥拉');
INSERT INTO `countries` VALUES (null, 'AI', '安圭拉');
INSERT INTO `countries` VALUES (null, 'AQ', '南極洲');
INSERT INTO `countries` VALUES (null, 'AG', '安提瓜和巴布達');
INSERT INTO `countries` VALUES (null, 'AR', '阿根廷');
INSERT INTO `countries` VALUES (null, 'AM', '亞美尼亞');
INSERT INTO `countries` VALUES (null, 'AW', '阿魯巴');
INSERT INTO `countries` VALUES (null, 'AU', '澳大利亞');
INSERT INTO `countries` VALUES (null, 'AT', '奧地利');
INSERT INTO `countries` VALUES (null, 'AZ', '阿塞拜疆');
INSERT INTO `countries` VALUES (null, 'BS', '巴哈馬');
INSERT INTO `countries` VALUES (null, 'BH', '巴林');
INSERT INTO `countries` VALUES (null, 'BD', '孟加拉國');
INSERT INTO `countries` VALUES (null, 'BB', '巴巴多斯');
INSERT INTO `countries` VALUES (null, 'BY', '白俄羅斯');
INSERT INTO `countries` VALUES (null, 'BE', '比利時');
INSERT INTO `countries` VALUES (null, 'BZ', '伯利茲');
INSERT INTO `countries` VALUES (null, 'BJ', '貝寧');
INSERT INTO `countries` VALUES (null, 'BM', '百慕大');
INSERT INTO `countries` VALUES (null, 'BT', '不丹');
INSERT INTO `countries` VALUES (null, 'BO', '玻利維亞');
INSERT INTO `countries` VALUES (null, 'BA', '波斯尼亞和黑塞哥維那');
INSERT INTO `countries` VALUES (null, 'BW', '博茨瓦納');
INSERT INTO `countries` VALUES (null, 'BV', '布維島');
INSERT INTO `countries` VALUES (null, 'BR', '巴西');
INSERT INTO `countries` VALUES (null, 'IO', '英屬印度洋領地');
INSERT INTO `countries` VALUES (null, 'BN', '文萊達魯薩蘭國');
INSERT INTO `countries` VALUES (null, 'BG', '保加利亞');
INSERT INTO `countries` VALUES (null, 'BF', '布基納法索');
INSERT INTO `countries` VALUES (null, 'BI', '布隆迪');
INSERT INTO `countries` VALUES (null, 'KH', '柬埔寨');
INSERT INTO `countries` VALUES (null, 'CM', '喀麥隆');
INSERT INTO `countries` VALUES (null, 'CA', '加拿大');
INSERT INTO `countries` VALUES (null, 'CV', '佛得角');
INSERT INTO `countries` VALUES (null, 'KY', '開曼群島');
INSERT INTO `countries` VALUES (null, 'CF', '中非共和國');
INSERT INTO `countries` VALUES (null, 'TD', '乍得');
INSERT INTO `countries` VALUES (null, 'CL', '智利');
INSERT INTO `countries` VALUES (null, 'CX', '聖誕島');
INSERT INTO `countries` VALUES (null, 'CC', '科科斯（基林）群島');
INSERT INTO `countries` VALUES (null, 'CO', '哥倫比亞');
INSERT INTO `countries` VALUES (null, 'KM', '科摩羅');
INSERT INTO `countries` VALUES (null, 'CG', '剛果');
INSERT INTO `countries` VALUES (null, 'CK', '庫克群島');
INSERT INTO `countries` VALUES (null, 'CR', '哥斯達黎加');
INSERT INTO `countries` VALUES (null, 'HR', '克羅地亞（Hrvatska)');
INSERT INTO `countries` VALUES (null, 'CU', '古巴');
INSERT INTO `countries` VALUES (null, 'CY', '塞浦路斯');
INSERT INTO `countries` VALUES (null, 'CZ', '捷克共和國');
INSERT INTO `countries` VALUES (null, 'DK', '丹麥');
INSERT INTO `countries` VALUES (null, 'DJ', '吉布提');
INSERT INTO `countries` VALUES (null, 'DM', '多米尼加');
INSERT INTO `countries` VALUES (null, 'DO', '多米尼加共和國');
INSERT INTO `countries` VALUES (null, 'TP', '東帝汶');
INSERT INTO `countries` VALUES (null, 'EC', '厄瓜多爾');
INSERT INTO `countries` VALUES (null, 'EG', '埃及');
INSERT INTO `countries` VALUES (null, 'SV', '薩爾瓦多');
INSERT INTO `countries` VALUES (null, 'GQ', '赤道幾內亞');
INSERT INTO `countries` VALUES (null, 'ER', '厄立特里亞');
INSERT INTO `countries` VALUES (null, 'EE', '愛沙尼亞');
INSERT INTO `countries` VALUES (null, 'ET', '埃塞俄比亞');
INSERT INTO `countries` VALUES (null, 'FK', '福克蘭群島（馬爾維納斯群島)');
INSERT INTO `countries` VALUES (null, 'FO', '法羅群島');
INSERT INTO `countries` VALUES (null, 'FJ', '斐');
INSERT INTO `countries` VALUES (null, 'FI', '芬蘭');
INSERT INTO `countries` VALUES (null, 'FR', '法國');
INSERT INTO `countries` VALUES (null, 'FX', '法國，大都會');
INSERT INTO `countries` VALUES (null, 'GF', '法屬圭亞那');
INSERT INTO `countries` VALUES (null, 'PF', '法屬波利尼西亞');
INSERT INTO `countries` VALUES (null, 'TF', '法屬南部領土');
INSERT INTO `countries` VALUES (null, 'GA', '加蓬');
INSERT INTO `countries` VALUES (null, 'GM', '岡比亞');
INSERT INTO `countries` VALUES (null, 'GE', '格魯吉亞');
INSERT INTO `countries` VALUES (null, 'DE', '德國');
INSERT INTO `countries` VALUES (null, 'GH', '加納');
INSERT INTO `countries` VALUES (null, 'GI', '直布羅陀');
INSERT INTO `countries` VALUES (null, 'GK', '根西島');
INSERT INTO `countries` VALUES (null, 'GR', '希臘');
INSERT INTO `countries` VALUES (null, 'GL', '格陵蘭');
INSERT INTO `countries` VALUES (null, 'GD', '格林納達');
INSERT INTO `countries` VALUES (null, 'GP', '瓜德羅普島');
INSERT INTO `countries` VALUES (null, 'GU', '關島');
INSERT INTO `countries` VALUES (null, 'GT', '危地馬拉');
INSERT INTO `countries` VALUES (null, 'GN', '幾內亞');
INSERT INTO `countries` VALUES (null, 'GW', '幾內亞比紹');
INSERT INTO `countries` VALUES (null, 'GY', '圭亞那');
INSERT INTO `countries` VALUES (null, 'HT', '海地');
INSERT INTO `countries` VALUES (null, 'HM', '赫德和麥當勞群島');
INSERT INTO `countries` VALUES (null, 'HN', '洪都拉斯');
INSERT INTO `countries` VALUES (null, 'HK', '香港');
INSERT INTO `countries` VALUES (null, 'HU', '匈牙利');
INSERT INTO `countries` VALUES (null, 'IS', '冰島');
INSERT INTO `countries` VALUES (null, 'IN', '印度');
INSERT INTO `countries` VALUES (null, 'IM', '馬恩島');
INSERT INTO `countries` VALUES (null, 'ID', '印度尼西亞');
INSERT INTO `countries` VALUES (null, 'IR', '伊朗（伊斯蘭共和國）)');
INSERT INTO `countries` VALUES (null, 'IQ', '伊拉克');
INSERT INTO `countries` VALUES (null, 'IE', '愛爾蘭');
INSERT INTO `countries` VALUES (null, 'IL', '以色列');
INSERT INTO `countries` VALUES (null, 'IT', '意大利');
INSERT INTO `countries` VALUES (null, 'CI', '象牙海岸');
INSERT INTO `countries` VALUES (null, 'JE', '新澤西');
INSERT INTO `countries` VALUES (null, 'JM', '牙買加');

INSERT INTO `countries` VALUES (null, 'JO', '約旦');
INSERT INTO `countries` VALUES (null, 'KZ', '哈薩克斯坦');
INSERT INTO `countries` VALUES (null, 'KE', '肯尼亞');
INSERT INTO `countries` VALUES (null, 'KI', '基里巴斯');
INSERT INTO `countries` VALUES (null, 'KP', '朝鮮民主主義人民共和國');

INSERT INTO `countries` VALUES (null, 'XK', '科索沃');
INSERT INTO `countries` VALUES (null, 'KW', '科威特');
INSERT INTO `countries` VALUES (null, 'KG', '吉爾吉斯斯坦');
INSERT INTO `countries` VALUES (null, 'LA', '老撾人民民主共和國');
INSERT INTO `countries` VALUES (null, 'LV', '拉脫維亞');
INSERT INTO `countries` VALUES (null, 'LB', '黎巴嫩');
INSERT INTO `countries` VALUES (null, 'LS', '萊索托');
INSERT INTO `countries` VALUES (null, 'LR', '利比里亞');
INSERT INTO `countries` VALUES (null, 'LY', '阿拉伯利比亞民眾國');
INSERT INTO `countries` VALUES (null, 'LI', '列支敦士登');
INSERT INTO `countries` VALUES (null, 'LT', '立陶宛');
INSERT INTO `countries` VALUES (null, 'LU', '盧森堡');
INSERT INTO `countries` VALUES (null, 'MO', '澳門');
INSERT INTO `countries` VALUES (null, 'MK', '馬其頓');
INSERT INTO `countries` VALUES (null, 'MG', '馬達加斯加');
INSERT INTO `countries` VALUES (null, 'MW', '馬拉維');
INSERT INTO `countries` VALUES (null, 'MY', '馬來西亞');
INSERT INTO `countries` VALUES (null, 'MV', '馬爾代夫');
INSERT INTO `countries` VALUES (null, 'ML', '馬里');
INSERT INTO `countries` VALUES (null, 'MT', '馬耳他');
INSERT INTO `countries` VALUES (null, 'MH', '馬紹爾群島');
INSERT INTO `countries` VALUES (null, 'MQ', '馬提尼克');
INSERT INTO `countries` VALUES (null, 'MR', '毛里塔尼亞');
INSERT INTO `countries` VALUES (null, 'MU', '毛里求斯');
INSERT INTO `countries` VALUES (null, 'TY', '馬約特');
INSERT INTO `countries` VALUES (null, 'MX', '墨西哥');
INSERT INTO `countries` VALUES (null, 'FM', '密克羅尼西亞聯邦');
INSERT INTO `countries` VALUES (null, 'MD', '摩爾多瓦共和國');
INSERT INTO `countries` VALUES (null, 'MC', '摩納哥');
INSERT INTO `countries` VALUES (null, 'MN', '蒙古');
INSERT INTO `countries` VALUES (null, 'ME', '黑山');
INSERT INTO `countries` VALUES (null, 'MS', '蒙特塞拉特');
INSERT INTO `countries` VALUES (null, 'MA', '摩洛哥');
INSERT INTO `countries` VALUES (null, 'MZ', '莫桑比克');
INSERT INTO `countries` VALUES (null, 'MM', '緬甸');
INSERT INTO `countries` VALUES (null, 'NA', '納米比亞');
INSERT INTO `countries` VALUES (null, 'NR', '瑙魯');
INSERT INTO `countries` VALUES (null, 'NP', '尼泊爾');
INSERT INTO `countries` VALUES (null, 'NL', '荷蘭');
INSERT INTO `countries` VALUES (null, 'AN', '荷屬安的列斯群島');
INSERT INTO `countries` VALUES (null, 'NC', '新喀裡多尼亞');
INSERT INTO `countries` VALUES (null, 'NZ', '新西蘭');
INSERT INTO `countries` VALUES (null, 'NI', '尼加拉瓜');
INSERT INTO `countries` VALUES (null, 'NE', '尼日爾');
INSERT INTO `countries` VALUES (null, 'NG', '尼日利亞');
INSERT INTO `countries` VALUES (null, 'NU', '紐埃');
INSERT INTO `countries` VALUES (null, 'NF', '諾福克島');
INSERT INTO `countries` VALUES (null, 'MP', '北馬里亞納群島');
INSERT INTO `countries` VALUES (null, 'NO', '挪威');
INSERT INTO `countries` VALUES (null, 'OM', '阿曼');
INSERT INTO `countries` VALUES (null, 'PK', '巴基斯坦');
INSERT INTO `countries` VALUES (null, 'PW', '帕勞');
INSERT INTO `countries` VALUES (null, 'PS', '巴勒斯坦');
INSERT INTO `countries` VALUES (null, 'PA', '巴拿馬');
INSERT INTO `countries` VALUES (null, 'PG', '巴布亞新幾內亞');
INSERT INTO `countries` VALUES (null, 'PY', '巴拉圭');
INSERT INTO `countries` VALUES (null, 'PE', '秘魯');
INSERT INTO `countries` VALUES (null, 'PN', '皮特凱恩');
INSERT INTO `countries` VALUES (null, 'PL', '波蘭');
INSERT INTO `countries` VALUES (null, 'PT', '葡萄牙');
INSERT INTO `countries` VALUES (null, 'PR', '波多黎各');
INSERT INTO `countries` VALUES (null, 'QA', '卡塔爾');
INSERT INTO `countries` VALUES (null, 'RE', '團圓');
INSERT INTO `countries` VALUES (null, 'RO', '羅馬尼亞');
INSERT INTO `countries` VALUES (null, 'RU', '俄羅斯聯邦');
INSERT INTO `countries` VALUES (null, 'RW', '盧旺達');
INSERT INTO `countries` VALUES (null, 'KN', '聖基茨和尼維斯');
INSERT INTO `countries` VALUES (null, 'LC', '聖盧西亞');
INSERT INTO `countries` VALUES (null, 'VC', '聖文森特和格林納丁斯');
INSERT INTO `countries` VALUES (null, 'WS', '薩摩亞');
INSERT INTO `countries` VALUES (null, 'SM', '聖馬力諾');
INSERT INTO `countries` VALUES (null, 'ST', '聖多美和普林西比');
INSERT INTO `countries` VALUES (null, 'SA', '沙特阿拉伯');
INSERT INTO `countries` VALUES (null, 'SN', '塞內加爾');
INSERT INTO `countries` VALUES (null, 'RS', '塞爾維亞');
INSERT INTO `countries` VALUES (null, 'SC', '塞舌爾');
INSERT INTO `countries` VALUES (null, 'SL', '塞拉利昂');
INSERT INTO `countries` VALUES (null, 'SG', '新加坡');
INSERT INTO `countries` VALUES (null, 'SK', '斯洛伐克');
INSERT INTO `countries` VALUES (null, 'SI', '斯洛文尼亞');
INSERT INTO `countries` VALUES (null, 'SB', '所羅門群島');
INSERT INTO `countries` VALUES (null, 'SO', '索馬里');
INSERT INTO `countries` VALUES (null, 'ZA', '南非');
INSERT INTO `countries` VALUES (null, 'GS', '南喬治亞南桑威奇群島');
INSERT INTO `countries` VALUES (null, 'SS', '南蘇丹');
INSERT INTO `countries` VALUES (null, 'ES', '西班牙');
INSERT INTO `countries` VALUES (null, 'LK', '斯里蘭卡');
INSERT INTO `countries` VALUES (null, 'SH', '聖海倫娜');
INSERT INTO `countries` VALUES (null, 'PM', '聖皮埃爾和密克隆');
INSERT INTO `countries` VALUES (null, 'SD', '蘇丹');
INSERT INTO `countries` VALUES (null, 'SR', '蘇里南');
INSERT INTO `countries` VALUES (null, 'SJ', '斯瓦爾巴群島和揚馬延島');
INSERT INTO `countries` VALUES (null, 'SZ', '斯威士蘭');
INSERT INTO `countries` VALUES (null, 'SE', '瑞典');
INSERT INTO `countries` VALUES (null, 'CH', '瑞士');
INSERT INTO `countries` VALUES (null, 'SY', '阿拉伯敘利亞共和國');
INSERT INTO `countries` VALUES (null, 'TW', '台灣');
INSERT INTO `countries` VALUES (null, 'TJ', '塔吉克斯坦');
INSERT INTO `countries` VALUES (null, 'TZ', '坦桑尼亞聯合共和國');
INSERT INTO `countries` VALUES (null, 'TG', '多哥');
INSERT INTO `countries` VALUES (null, 'TK', '托克勞');
INSERT INTO `countries` VALUES (null, 'TO', '湯加');
INSERT INTO `countries` VALUES (null, 'TT', '特立尼達和多巴哥');
INSERT INTO `countries` VALUES (null, 'TN', '突尼斯');
INSERT INTO `countries` VALUES (null, 'TR', '土耳其');
INSERT INTO `countries` VALUES (null, 'TM', '土庫曼斯坦');
INSERT INTO `countries` VALUES (null, 'TC', '特克斯和凱科斯群島');
INSERT INTO `countries` VALUES (null, 'TV', '圖瓦盧');
INSERT INTO `countries` VALUES (null, 'UG', '烏干達');
INSERT INTO `countries` VALUES (null, 'UA', '烏克蘭');
INSERT INTO `countries` VALUES (null, 'AE', '阿聯酋');
INSERT INTO `countries` VALUES (null, 'GB', '英國');
INSERT INTO `countries` VALUES (null, 'UM', '美國小型離島');
INSERT INTO `countries` VALUES (null, 'UY', '烏拉圭');
INSERT INTO `countries` VALUES (null, 'UZ', '烏茲別克斯坦');
INSERT INTO `countries` VALUES (null, 'VU', '瓦努阿圖');
INSERT INTO `countries` VALUES (null, 'VA', '梵蒂岡城');
INSERT INTO `countries` VALUES (null, 'VE', '委內瑞拉');
INSERT INTO `countries` VALUES (null, 'VN', '越南');
INSERT INTO `countries` VALUES (null, 'VG', '維爾京群島（英屬)');
INSERT INTO `countries` VALUES (null, 'VI', '維爾京群島（美國.)');
INSERT INTO `countries` VALUES (null, 'WF', '瓦利斯群島和富圖納群島');
INSERT INTO `countries` VALUES (null, 'EH', '西撒哈拉');
INSERT INTO `countries` VALUES (null, 'YE', '也門');
INSERT INTO `countries` VALUES (null, 'ZR', '扎伊爾');
INSERT INTO `countries` VALUES (null, 'ZM', '贊比亞');
INSERT INTO `countries` VALUES (null, 'ZW', '津巴布韋');


CREATE TABLE `TRAVEL_INFO` (
`id` int (11) NOT NULL auto_increment,
`cou_id` varchar (20) NOT NULL default '',
`city_no` varchar (20) NOT NULL default '',
`weather` varchar (20) NOT NULL default '',
`climate` varchar (20) NOT NULL default '',
`wear` varchar (20) NOT NULL default '',
`act_id` varchar (20) NOT NULL default '',
`cur_id` varchar (20) NOT NULL default '',
PRIMARY KEY (`id`)
) ENGINE=MyISAM DEFAULT CHARSET=utf8;


--各國旅遊資訊
insert into `TRAVEL_INFO` (`cou_id`,`city_no`,`weather`,`climate`,`wear`,`act_id`,`cur_id`) VALUES ('jap', 'Hako', '-3', '-2', '雪地禦寒衣物', 'ah01', 'jpn');
insert into `TRAVEL_INFO` (`cou_id`,`city_no`,`weather`,`climate`,`wear`,`act_id`,`cur_id`) VALUES ('jap', 'Hako', '10', '11', '防寒保暖衣物', 'ah02', 'jpn');
insert into `TRAVEL_INFO` (`cou_id`,`city_no`,`weather`,`climate`,`wear`,`act_id`,`cur_id`) VALUES ('jap', 'Hako', '23', '24', '短袖上衣及薄外套', 'ah03', 'jpn');
insert into `TRAVEL_INFO` (`cou_id`,`city_no`,`weather`,`climate`,`wear`,`act_id`,`cur_id`) VALUES ('jap', 'Hako', '15', '17', '長袖上衣及薄外套', 'ah04', 'jpn');
insert into `TRAVEL_INFO` (`cou_id`,`city_no`,`weather`,`climate`,`wear`,`act_id`,`cur_id`) VALUES ('jap', 'okna', '18', '16', '長袖衣物及薄外套', 'ao01', 'jpn');
insert into `TRAVEL_INFO` (`cou_id`,`city_no`,`weather`,`climate`,`wear`,`act_id`,`cur_id`) VALUES ('jap', 'okna', '26', '25', '短袖衣物', 'ao02', 'jpn');
insert into `TRAVEL_INFO` (`cou_id`,`city_no`,`weather`,`climate`,`wear`,`act_id`,`cur_id`) VALUES ('jap', 'okna', '29', '31', '防曬衣物', 'ao03', 'jpn');
insert into `TRAVEL_INFO` (`cou_id`,`city_no`,`weather`,`climate`,`wear`,`act_id`,`cur_id`) VALUES ('jap', 'okna', '26', '25', '短袖衣物', 'ao04', 'jpn');
insert into `TRAVEL_INFO` (`cou_id`,`city_no`,`weather`,`climate`,`wear`,`act_id`,`cur_id`) VALUES ('koa', 'soul', '1', '2', '防寒保暖衣物', 'as01', 'krw');
insert into `TRAVEL_INFO` (`cou_id`,`city_no`,`weather`,`climate`,`wear`,`act_id`,`cur_id`) VALUES ('koa', 'soul', '17', '18', '長袖衣物及薄外套', 'as02', 'krw');
insert into `TRAVEL_INFO` (`cou_id`,`city_no`,`weather`,`climate`,`wear`,`act_id`,`cur_id`) VALUES ('koa', 'soul', '29', '28', '短袖衣物', 'as03', 'krw');
insert into `TRAVEL_INFO` (`cou_id`,`city_no`,`weather`,`climate`,`wear`,`act_id`,`cur_id`) VALUES ('koa', 'soul', '12', '11', '長袖衣物及外套', 'as04', 'krw');
insert into `TRAVEL_INFO` (`cou_id`,`city_no`,`weather`,`climate`,`wear`,`act_id`,`cur_id`) VALUES ('fra', 'pari', '7', '9', '長袖衣物及外套', 'af01', 'eup');
insert into `TRAVEL_INFO` (`cou_id`,`city_no`,`weather`,`climate`,`wear`,`act_id`,`cur_id`) VALUES ('fra', 'pari', '19', '21', '長袖衣物及薄外套', 'af02', 'eup');
insert into `TRAVEL_INFO` (`cou_id`,`city_no`,`weather`,`climate`,`wear`,`act_id`,`cur_id`) VALUES ('fra', 'pari', '24', '23', '短袖衣物', 'af03', 'eup');
insert into `TRAVEL_INFO` (`cou_id`,`city_no`,`weather`,`climate`,`wear`,`act_id`,`cur_id`) VALUES ('fra', 'pari', '11', '10', '短袖衣物', 'af04', 'eup');
insert into `TRAVEL_INFO` (`cou_id`,`city_no`,`weather`,`climate`,`wear`,`act_id`,`cur_id`) VALUES ('ast', 'melb', '30', '31', '短袖防曬衣物', 'am01', 'aud');
insert into `TRAVEL_INFO` (`cou_id`,`city_no`,`weather`,`climate`,`wear`,`act_id`,`cur_id`) VALUES ('ast', 'melb', '21', '23', '短袖衣物', 'am02', 'aud');
insert into `TRAVEL_INFO` (`cou_id`,`city_no`,`weather`,`climate`,`wear`,`act_id`,`cur_id`) VALUES ('ast', 'melb', '10', '12', '長袖衣物及外套', 'am03', 'aud');
insert into `TRAVEL_INFO` (`cou_id`,`city_no`,`weather`,`climate`,`wear`,`act_id`,`cur_id`) VALUES ('ast', 'melb', '18', '19', '短袖衣物', 'am04', 'aud');


CREATE TABLE `ACTIVITY`
(
`id` int
(11) NOT NULL auto_increment,
`act_id` varchar
(20) NOT NULL default '',
`act_month` varchar
(20) NOT NULL default '',
`act_name` varchar
(50) NOT NULL default '',
`act_city` varchar
(20) NOT NULL default '',
`act_link` varchar
(200) NOT NULL default '',
`act_sou` varchar
(20) NOT NULL default '',
`act_souper` varchar
(20) NOT NULL default '',
PRIMARY KEY
(`id`)
) ENGINE=MyISAM DEFAULT CHARSET=utf8;
--活動
insert into `ACTIVITY` (`act_id`,`act_month`,`act_name`,`act_city`,`act_link`,`act_sou`,`act_souper`) VALUES ('ah01', '01', '函館冬季嘉年華', '函館', 'http://tc.tabirai.net/sightseeing/article/hokkaido-hakodate-illumination/', '網友提供', 'kai');
insert into `ACTIVITY` (`act_id`,`act_month`,`act_name`,`act_city`,`act_link`,`act_sou`,`act_souper`) VALUES ('ah02', '04', '阿寒湖蠟燭冰遊船', '函館', 'https://hokkaido-labo.com/tw/hokkaido-april-9191', '網友提供', 'jessica');
insert into `ACTIVITY` (`act_id`,`act_month`,`act_name`,`act_city`,`act_link`,`act_sou`,`act_souper`) VALUES ('ah03', '07', '流放燈籠祭典「大沼湖水祭」', '函館', 'https://hokkaido-labo.com/tw/hakodate-summer-festival-18511', '站長推薦', 'yann');
insert into `ACTIVITY` (`act_id`,`act_month`,`act_name`,`act_city`,`act_link`,`act_sou`,`act_souper`) VALUES ('ah04', '10', '函館秋葉節', '函館', 'https://www.hakodate.travel/cht/events/hakodate-momi-g-festa-autumn-leaves-festival', '站長推薦', 'yann');
insert into `ACTIVITY` (`act_id`,`act_month`,`act_name`,`act_city`,`act_link`,`act_sou`,`act_souper`) VALUES ('ao01', '01', '準備迎接春天！ 鬱金香花園', '沖繩', 'https://churaumi.okinawa/area/okipark/tropical-dream-center/', '網友提供', 'chris');
insert into `ACTIVITY` (`act_id`,`act_month`,`act_name`,`act_city`,`act_link`,`act_sou`,`act_souper`) VALUES ('ao02', '05', '那霸龍舟賽', '沖繩', 'https://www.visitokinawa.jp/information/hari?lang=zh-hant', '網友提供', 'jessica');
insert into `ACTIVITY` (`act_id`,`act_month`,`act_name`,`act_city`,`act_link`,`act_sou`,`act_souper`) VALUES ('ao03', '09', '沖繩全島太鼓舞節', '沖繩', 'http://tc.tabirai.net/sightseeing/article/okinawa-eisa-night/', '站長推薦', 'yann');
insert into `ACTIVITY` (`act_id`,`act_month`,`act_name`,`act_city`,`act_link`,`act_sou`,`act_souper`) VALUES ('ao04', '10', '座喜味城跡冬季點燈', '沖繩', 'http://okinawatravelinfo.com/zh-hant/events/6thzakimijyoudori-fureai-masturi/', '站長推薦', 'yann');
insert into `ACTIVITY` (`act_id`,`act_month`,`act_name`,`act_city`,`act_link`,`act_sou`,`act_souper`) VALUES ('as01', '01', '樂天世界', '首爾', 'https://www.kkday.com/zh-tw/product/2948?cid=2003&ud1=3537&ud2=2948', '網友推薦', 'kai');
insert into `ACTIVITY` (`act_id`,`act_month`,`act_name`,`act_city`,`act_link`,`act_sou`,`act_souper`) VALUES ('as02', '04', '鎮海軍港節', '首爾', 'http://big5chinese.visitkorea.or.kr/cht/ATT/3_4_view.jsp?cid=701457', '網友推薦', 'chris');
insert into `ACTIVITY` (`act_id`,`act_month`,`act_name`,`act_city`,`act_link`,`act_sou`,`act_souper`) VALUES ('as03', '07', '63city海洋世界', '首爾', 'https://www.paine0602.com/aquaplanet63/', '網友推薦', 'kai');
insert into `ACTIVITY` (`act_id`,`act_month`,`act_name`,`act_city`,`act_link`,`act_sou`,`act_souper`) VALUES ('as04', '11', '賞楓、銀杏景點｜梨花女子大學', '首爾', 'https://mimihan.tw/ewha-womans-university/', '網友推薦', 'jessica');
insert into `ACTIVITY` (`act_id`,`act_month`,`act_name`,`act_city`,`act_link`,`act_sou`,`act_souper`) VALUES ('af01', '01', '杜樂麗花園', '巴黎', 'https://tw.bring-you.info/jardin-des-tuileries', '網友推薦', 'jessica');
insert into `ACTIVITY` (`act_id`,`act_month`,`act_name`,`act_city`,`act_link`,`act_sou`,`act_souper`) VALUES ('af02', '06', '夏至音樂節 (Fête de la musique)', '巴黎', 'http://www.estherhealth.com/fete-de-la-musique/', '網友推薦', 'jessica');
insert into `ACTIVITY` (`act_id`,`act_month`,`act_name`,`act_city`,`act_link`,`act_sou`,`act_souper`) VALUES ('af03', '10', '文森城堡', '巴黎', 'https://andy-zoe.blogspot.com/2016/04/40-paris-chateau-de-vincennes.html', '網友推薦', 'jessica');
insert into `ACTIVITY` (`act_id`,`act_month`,`act_name`,`act_city`,`act_link`,`act_sou`,`act_souper`) VALUES ('af04', '11', '塞納河遊船', '巴黎', 'https://oui-my-france.com/the-best-seine-river-cruise-in-paris-cn/', '網友推薦', 'kai');
insert into `ACTIVITY` (`act_id`,`act_month`,`act_name`,`act_city`,`act_link`,`act_sou`,`act_souper`) VALUES ('am01', '02', '莫寧頓半島迷宮花園', '墨爾本', 'https://kknews.cc/zh-tw/travel/mm6pvq6.html', '網友推薦', 'jessica');
insert into `ACTIVITY` (`act_id`,`act_month`,`act_name`,`act_city`,`act_link`,`act_sou`,`act_souper`) VALUES ('am02', '04', '墨爾本觀景台Eureka Skydeck 88', '墨爾本', 'https://mrmrsellery.com/eureka-tower/', '網友推薦', 'chris');
insert into `ACTIVITY` (`act_id`,`act_month`,`act_name`,`act_city`,`act_link`,`act_sou`,`act_souper`) VALUES ('am03', '07', '維多利亞美術館', '墨爾本', 'https://mrmrsellery.com/arts/', '網友推薦', 'kai');
insert into `ACTIVITY` (`act_id`,`act_month`,`act_name`,`act_city`,`act_link`,`act_sou`,`act_souper`) VALUES ('am04', '10', '咖啡街(Degravesstreet)', '墨爾本', 'https://www.backpackers.com.tw/forum/showthread.php?t=10100057', '站長推薦', 'yann');

CREATE TABLE `MEMBER`
(
`id` int
(11) NOT NULL auto_increment,
`email` varchar
(100) NOT NULL default '',
`password` varchar
(100) NOT NULL default '',
`name` varchar
(20) NOT NULL default '',
`mem_sex` varchar
(5) NOT NULL default '',
`token` varchar
(100) NOT NULL default '',
PRIMARY KEY
(`id`)
) ENGINE=MyISAM DEFAULT CHARSET=utf8;
--會員
insert into `MEMBER` (`email`,`password`,`name`,`mem_sex`,`token`) VALUES ('quickey123@gmail.com','1234', 'chris', 'F','qwe');
insert into `MEMBER` (`email`,`password`,`name`,`mem_sex`,`token`) VALUES ('quickey123@gmail.com','1234', 'jessica', 'F','qwe');
insert into `MEMBER` (`email`,`password`,`name`,`mem_sex`,`token`) VALUES ('quickey123@gmail.com','1234', 'kai', 'M','qwe');
insert into `MEMBER` (`email`,`password`,`name`,`mem_sex`,`token`) VALUES ('quickey123@gmail.com','1234', 'yann', 'M','qwe');


CREATE TABLE `EXRATE`
(
`id` int
(11) NOT NULL auto_increment,
`rate_name` varchar
(100) NOT NULL default '',
`exrate` varchar
(100) NOT NULL default '',
`UTC` varchar
(50) NOT NULL default '',
PRIMARY KEY
(`id`)
) ENGINE=MyISAM DEFAULT CHARSET=utf8;

    insert into `EXRATE` (`rate_name`,`exrate`,`UTC`) VALUES ('USDHRK', '6.6048','2019-06-04 14:59:59');
    insert into `EXRATE` (`rate_name`,`exrate`,`UTC`) VALUES ('USDETB', '29.075','2019-06-04 14:59:59');
    insert into `EXRATE` (`rate_name`,`exrate`,`UTC`) VALUES ('USDNZD', '1.516276','2019-06-04 14:59:59');
    insert into `EXRATE` (`rate_name`,`exrate`,`UTC`) VALUES ('USDBND', '1.350845','2019-06-04 14:59:59');
    insert into `EXRATE` (`rate_name`,`exrate`,`UTC`) VALUES ('USDBDT', '84.598','2019-06-04 14:59:59');
    insert into `EXRATE` (`rate_name`,`exrate`,`UTC`) VALUES ('USDECS', '25000','2017-02-24 19:27:22');
    insert into `EXRATE` (`rate_name`,`exrate`,`UTC`) VALUES ('USDGYD', '209.099785','2019-06-04 14:59:59');
    insert into `EXRATE` (`rate_name`,`exrate`,`UTC`) VALUES ('USDBTN', '69.273044','2019-06-04 14:59:59');
    insert into `EXRATE` (`rate_name`,`exrate`,`UTC`) VALUES ('USDKYD', '0.833228','2019-06-04 14:59:59');
    insert into `EXRATE` (`rate_name`,`exrate`,`UTC`) VALUES ('USDNIO', '33.37','2019-06-04 14:59:59');
    insert into `EXRATE` (`rate_name`,`exrate`,`UTC`) VALUES ('USDPGK', '3.37485','2019-06-04 14:59:59');
    insert into `EXRATE` (`rate_name`,`exrate`,`UTC`) VALUES ('USDPAB', '1','2019-06-04 14:59:59');
    insert into `EXRATE` (`rate_name`,`exrate`,`UTC`) VALUES ('USDVEF', '248487.642241','2019-06-04 14:59:59');
    insert into `EXRATE` (`rate_name`,`exrate`,`UTC`) VALUES ('USDGMD', '49.3','2019-06-04 14:59:59');
    insert into `EXRATE` (`rate_name`,`exrate`,`UTC`) VALUES ('USDBRX', '3.7485','2018-08-01 16:15:02');
    insert into `EXRATE` (`rate_name`,`exrate`,`UTC`) VALUES ('USDAZN', '1.7025','2019-06-04 14:59:59');
    insert into `EXRATE` (`rate_name`,`exrate`,`UTC`) VALUES ('USDHNL', '24.71502','2019-06-04 14:59:59');
    insert into `EXRATE` (`rate_name`,`exrate`,`UTC`) VALUES ('USDBYN', '2.096072','2019-06-04 14:59:59');
    insert into `EXRATE` (`rate_name`,`exrate`,`UTC`) VALUES ('USDIQD', '1190','2019-06-04 14:59:59');
    insert into `EXRATE` (`rate_name`,`exrate`,`UTC`) VALUES ('USDSYP', '515.006704','2019-06-04 14:59:59');
    insert into `EXRATE` (`rate_name`,`exrate`,`UTC`) VALUES ('USDMYR', '4.172318','2019-06-04 14:59:59');
    insert into `EXRATE` (`rate_name`,`exrate`,`UTC`) VALUES ('USDZWL', '322.355011','2019-06-04 14:59:59');
    insert into `EXRATE` (`rate_name`,`exrate`,`UTC`) VALUES ('SILVER1OZ999NY', '0.064809','2018-08-02 07:58:38');
    insert into `EXRATE` (`rate_name`,`exrate`,`UTC`) VALUES ('USDMDL', '18.032731','2019-06-04 14:59:59');
    insert into `EXRATE` (`rate_name`,`exrate`,`UTC`) VALUES ('USDIEP', '0.699154','2015-06-23 04:53:00');
    insert into `EXRATE` (`rate_name`,`exrate`,`UTC`) VALUES ('USDCLP', '697.205','2019-06-04 14:59:59');
    insert into `EXRATE` (`rate_name`,`exrate`,`UTC`) VALUES ('USDLBP', '1510.55','2019-06-04 14:59:59');
    insert into `EXRATE` (`rate_name`,`exrate`,`UTC`) VALUES ('USDAOA', '332.0525','2019-06-04 14:59:59');
    insert into `EXRATE` (`rate_name`,`exrate`,`UTC`) VALUES ('USDISK', '124.032363','2019-06-04 14:59:59');
    insert into `EXRATE` (`rate_name`,`exrate`,`UTC`) VALUES ('USDDOP', '50.875','2019-06-04 14:59:59');
    insert into `EXRATE` (`rate_name`,`exrate`,`UTC`) VALUES ('PALLADIUM1OZ', '0.001099','2018-08-02 07:58:38');
    insert into `EXRATE` (`rate_name`,`exrate`,`UTC`) VALUES ('USDDOGE', '5455.376655570431','2018-08-02 21:56:02');
    insert into `EXRATE` (`rate_name`,`exrate`,`UTC`) VALUES ('USDUZS', '8512.5','2019-06-04 14:59:59');
    insert into `EXRATE` (`rate_name`,`exrate`,`UTC`) VALUES ('USDMMK', '1527.242713','2019-06-04 14:59:59');
    insert into `EXRATE` (`rate_name`,`exrate`,`UTC`) VALUES ('USDSVC', '8.748478','2019-06-04 14:59:59');
    insert into `EXRATE` (`rate_name`,`exrate`,`UTC`) VALUES ('USDBYR', '20020','2016-06-30 13:27:21');
    insert into `EXRATE` (`rate_name`,`exrate`,`UTC`) VALUES ('PLATINUM1UZ999', '0.001223','2018-08-02 07:58:38');
    insert into `EXRATE` (`rate_name`,`exrate`,`UTC`) VALUES ('USDKPW', '900','2019-06-04 14:59:59');
    insert into `EXRATE` (`rate_name`,`exrate`,`UTC`) VALUES ('USDCLF', '0.02338','2019-06-04 14:59:59');
    insert into `EXRATE` (`rate_name`,`exrate`,`UTC`) VALUES ('USDGIP', '0.788914','2019-06-04 14:59:59');
    insert into `EXRATE` (`rate_name`,`exrate`,`UTC`) VALUES ('USDCRC', '587.118986','2019-06-04 14:59:59');
    insert into `EXRATE` (`rate_name`,`exrate`,`UTC`) VALUES ('USDSSP', '130.2634','2019-06-04 14:59:59');
    insert into `EXRATE` (`rate_name`,`exrate`,`UTC`) VALUES ('USDERN', '14.997081','2019-06-04 14:59:59');
    insert into `EXRATE` (`rate_name`,`exrate`,`UTC`) VALUES ('USDCNH', '6.930481','2019-06-04 14:59:59');
    insert into `EXRATE` (`rate_name`,`exrate`,`UTC`) VALUES ('USDOMR', '0.385014','2019-06-04 14:59:59');
    insert into `EXRATE` (`rate_name`,`exrate`,`UTC`) VALUES ('USDKMF', '437.853795','2019-06-04 14:59:59');
    insert into `EXRATE` (`rate_name`,`exrate`,`UTC`) VALUES ('USDSTD', '21050.59961','2019-06-04 14:59:59');
    insert into `EXRATE` (`rate_name`,`exrate`,`UTC`) VALUES ('USDGNF', '9230','2019-06-04 14:59:59');
    insert into `EXRATE` (`rate_name`,`exrate`,`UTC`) VALUES ('USDXAG', '0.06784963','2019-06-04 14:59:59');
    insert into `EXRATE` (`rate_name`,`exrate`,`UTC`) VALUES ('USDMWK', '763.624562','2019-06-04 14:59:59');
    insert into `EXRATE` (`rate_name`,`exrate`,`UTC`) VALUES ('USDILS', '3.619847','2019-06-04 14:59:59');
    insert into `EXRATE` (`rate_name`,`exrate`,`UTC`) VALUES ('USDPEN', '3.356842','2019-06-04 14:59:59');
    insert into `EXRATE` (`rate_name`,`exrate`,`UTC`) VALUES ('USDCHF', '0.994646','2019-06-04 14:59:59');
    insert into `EXRATE` (`rate_name`,`exrate`,`UTC`) VALUES ('USDQAR', '3.640775','2019-06-04 14:59:59');
    insert into `EXRATE` (`rate_name`,`exrate`,`UTC`) VALUES ('USDSOS', '584','2019-06-04 14:59:59');
    insert into `EXRATE` (`rate_name`,`exrate`,`UTC`) VALUES ('USDHKD', '7.842','2019-06-04 14:59:59');
    insert into `EXRATE` (`rate_name`,`exrate`,`UTC`) VALUES ('USDMZN', '62.375443','2019-06-04 14:59:59');
    insert into `EXRATE` (`rate_name`,`exrate`,`UTC`) VALUES ('USDCOP', '3372.99','2019-06-04 14:59:59');
    insert into `EXRATE` (`rate_name`,`exrate`,`UTC`) VALUES ('USDKES', '101.39','2019-06-04 14:59:59');
    insert into `EXRATE` (`rate_name`,`exrate`,`UTC`) VALUES ('USDNAD', '14.49','2019-06-04 14:59:59');
    insert into `EXRATE` (`rate_name`,`exrate`,`UTC`) VALUES ('USDPLN', '3.80895','2019-06-04 14:59:59');
    insert into `EXRATE` (`rate_name`,`exrate`,`UTC`) VALUES ('USDIMP', '0.788914','2019-06-04 14:59:59');
    insert into `EXRATE` (`rate_name`,`exrate`,`UTC`) VALUES ('USDTMT', '3.504979','2019-06-04 14:59:59');
    insert into `EXRATE` (`rate_name`,`exrate`,`UTC`) VALUES ('USDSZL', '14.49','2019-06-04 14:59:59');
    insert into `EXRATE` (`rate_name`,`exrate`,`UTC`) VALUES ('USDBTC', '0.000125679317','2019-06-04 14:59:59');
    insert into `EXRATE` (`rate_name`,`exrate`,`UTC`) VALUES ('USDLTL', '3.0487','2015-06-22 08:39:00');
    insert into `EXRATE` (`rate_name`,`exrate`,`UTC`) VALUES ('USDTTD', '6.76845','2019-06-04 14:59:59');
    insert into `EXRATE` (`rate_name`,`exrate`,`UTC`) VALUES ('USDFRF', '1700.272217','2017-02-27 21:21:09');
    insert into `EXRATE` (`rate_name`,`exrate`,`UTC`) VALUES ('USDBSD', '1','2019-06-04 14:59:59');
    insert into `EXRATE` (`rate_name`,`exrate`,`UTC`) VALUES ('USDSTN', '21.875','2019-06-04 14:59:59');
    insert into `EXRATE` (`rate_name`,`exrate`,`UTC`) VALUES ('USDRON', '4.213825','2019-06-04 14:59:59');
    insert into `EXRATE` (`rate_name`,`exrate`,`UTC`) VALUES ('USDXPT', '0.00121952','2019-06-04 14:59:59');
    insert into `EXRATE` (`rate_name`,`exrate`,`UTC`) VALUES ('USDTZS', '2295.505945','2019-06-04 14:59:59');
    insert into `EXRATE` (`rate_name`,`exrate`,`UTC`) VALUES ('USDAMD', '479.374044','2019-06-04 14:59:59');
    insert into `EXRATE` (`rate_name`,`exrate`,`UTC`) VALUES ('USDUSD', '1','2019-06-04 14:59:59');
    insert into `EXRATE` (`rate_name`,`exrate`,`UTC`) VALUES ('USDMVR', '15.500007','2019-06-04 14:59:59');
    insert into `EXRATE` (`rate_name`,`exrate`,`UTC`) VALUES ('USDRSD', '104.920801','2019-06-04 14:59:59');
    insert into `EXRATE` (`rate_name`,`exrate`,`UTC`) VALUES ('USDMUR', '35.589984','2019-06-04 14:59:59');
    insert into `EXRATE` (`rate_name`,`exrate`,`UTC`) VALUES ('USDWST', '2.619963','2019-06-04 14:59:59');
    insert into `EXRATE` (`rate_name`,`exrate`,`UTC`) VALUES ('USDLKR', '176.44','2019-06-04 14:59:59');
    insert into `EXRATE` (`rate_name`,`exrate`,`UTC`) VALUES ('USDBMD', '1','2019-06-04 14:59:59');
    insert into `EXRATE` (`rate_name`,`exrate`,`UTC`) VALUES ('USDGHS', '5.39','2019-06-04 14:59:59');
    insert into `EXRATE` (`rate_name`,`exrate`,`UTC`) VALUES ('USDAFN', '79.299746','2019-06-04 14:59:59');
    insert into `EXRATE` (`rate_name`,`exrate`,`UTC`) VALUES ('USDJEP', '0.788914','2019-06-04 14:59:59');
    insert into `EXRATE` (`rate_name`,`exrate`,`UTC`) VALUES ('USDNPR', '110.834966','2019-06-04 14:59:59');
    insert into `EXRATE` (`rate_name`,`exrate`,`UTC`) VALUES ('USDAWG', '1.799996','2019-06-04 14:59:59');
    insert into `EXRATE` (`rate_name`,`exrate`,`UTC`) VALUES ('USDSIT', '216.486755','2015-07-27 13:25:00');
    insert into `EXRATE` (`rate_name`,`exrate`,`UTC`) VALUES ('USDFJD', '2.146448','2019-06-04 14:59:59');
    insert into `EXRATE` (`rate_name`,`exrate`,`UTC`) VALUES ('USDSGD', '1.368954','2019-06-04 14:59:59');
    insert into `EXRATE` (`rate_name`,`exrate`,`UTC`) VALUES ('USDSCR', '13.680013','2019-06-04 14:59:59');
    insert into `EXRATE` (`rate_name`,`exrate`,`UTC`) VALUES ('USDLAK', '8657.5','2019-06-04 14:59:59');
    insert into `EXRATE` (`rate_name`,`exrate`,`UTC`) VALUES ('USDHUX', '274.959991','2018-08-01 10:30:05');
    insert into `EXRATE` (`rate_name`,`exrate`,`UTC`) VALUES ('USDRUB', '65.198','2019-06-04 14:59:59');
    insert into `EXRATE` (`rate_name`,`exrate`,`UTC`) VALUES ('USDTOP', '2.286069','2019-06-04 14:59:59');
    insert into `EXRATE` (`rate_name`,`exrate`,`UTC`) VALUES ('USDBBD', '2','2019-06-04 14:59:59');
    insert into `EXRATE` (`rate_name`,`exrate`,`UTC`) VALUES ('USDDEM', '1.71745','2015-06-22 07:35:00');
    insert into `EXRATE` (`rate_name`,`exrate`,`UTC`) VALUES ('USDVES', '5875.0481','2019-06-04 14:59:59');
    insert into `EXRATE` (`rate_name`,`exrate`,`UTC`) VALUES ('COPPERHIGHGRADE', '0.363702','2018-08-02 07:58:38');
    insert into `EXRATE` (`rate_name`,`exrate`,`UTC`) VALUES ('USDDKK', '6.648165','2019-06-04 14:59:59');
    insert into `EXRATE` (`rate_name`,`exrate`,`UTC`) VALUES ('USDUAH', '27.145','2019-06-04 14:59:59');
    insert into `EXRATE` (`rate_name`,`exrate`,`UTC`) VALUES ('USDSDG', '45.15','2019-06-04 14:59:59');
    insert into `EXRATE` (`rate_name`,`exrate`,`UTC`) VALUES ('USD', '1','2018-08-02 07:00:00');
    insert into `EXRATE` (`rate_name`,`exrate`,`UTC`) VALUES ('USDMXN', '19.604657','2019-06-04 14:59:59');
    insert into `EXRATE` (`rate_name`,`exrate`,`UTC`) VALUES ('USDCDF', '1659','2019-06-04 14:59:59');
    insert into `EXRATE` (`rate_name`,`exrate`,`UTC`) VALUES ('USDGBP', '0.788914','2019-06-04 14:59:59');
    insert into `EXRATE` (`rate_name`,`exrate`,`UTC`) VALUES ('USDXPD', '0.00074435','2019-06-04 14:59:59');
    insert into `EXRATE` (`rate_name`,`exrate`,`UTC`) VALUES ('USDXDR', '0.719454','2019-06-04 14:59:59');
    insert into `EXRATE` (`rate_name`,`exrate`,`UTC`) VALUES ('USDTJS', '9.434859','2019-06-04 14:59:59');
    insert into `EXRATE` (`rate_name`,`exrate`,`UTC`) VALUES ('USDMOP', '8.072724','2019-06-04 14:59:59');
    insert into `EXRATE` (`rate_name`,`exrate`,`UTC`) VALUES ('USDINR', '69.319','2019-06-04 14:59:59');
    insert into `EXRATE` (`rate_name`,`exrate`,`UTC`) VALUES ('USDPKR', '148.25','2019-06-04 14:59:59');
    insert into `EXRATE` (`rate_name`,`exrate`,`UTC`) VALUES ('USDHUF', '286.610004','2019-06-04 14:59:59');
    insert into `EXRATE` (`rate_name`,`exrate`,`UTC`) VALUES ('USDGEL', '2.77','2019-06-04 14:59:59');
    insert into `EXRATE` (`rate_name`,`exrate`,`UTC`) VALUES ('USDLYD', '1.4','2019-06-04 14:59:59');
    insert into `EXRATE` (`rate_name`,`exrate`,`UTC`) VALUES ('USDMRU', '36.69','2019-06-04 14:59:59');
    insert into `EXRATE` (`rate_name`,`exrate`,`UTC`) VALUES ('USDTRY', '5.757046','2019-06-04 14:59:59');
    insert into `EXRATE` (`rate_name`,`exrate`,`UTC`) VALUES ('USDITL', '1700.272217','2017-02-24 19:34:31');
    insert into `EXRATE` (`rate_name`,`exrate`,`UTC`) VALUES ('USDJOD', '0.709004','2019-06-04 14:59:59');
    insert into `EXRATE` (`rate_name`,`exrate`,`UTC`) VALUES ('USDKZT', '384.43829','2019-06-04 14:59:59');
    insert into `EXRATE` (`rate_name`,`exrate`,`UTC`) VALUES ('USDMNT', '2453.75','2019-06-04 14:59:59');
    insert into `EXRATE` (`rate_name`,`exrate`,`UTC`) VALUES ('USDBHD', '0.377021','2019-06-04 14:59:59');
    insert into `EXRATE` (`rate_name`,`exrate`,`UTC`) VALUES ('USDDZD', '119.275','2019-06-04 14:59:59');
    insert into `EXRATE` (`rate_name`,`exrate`,`UTC`) VALUES ('USDXAF', '583.992223','2019-06-04 14:59:59');
    insert into `EXRATE` (`rate_name`,`exrate`,`UTC`) VALUES ('USDXCD', '2.70255','2019-06-04 14:59:59');
    insert into `EXRATE` (`rate_name`,`exrate`,`UTC`) VALUES ('USDLRD', '191.500326','2019-06-04 14:59:59');
    insert into `EXRATE` (`rate_name`,`exrate`,`UTC`) VALUES ('USDKWD', '0.304204','2019-06-04 14:59:59');
    insert into `EXRATE` (`rate_name`,`exrate`,`UTC`) VALUES ('USDIDR', '14224','2019-06-04 14:59:59');
    insert into `EXRATE` (`rate_name`,`exrate`,`UTC`) VALUES ('USDLTC', '0.2607561929595828','2018-08-02 21:56:02');
    insert into `EXRATE` (`rate_name`,`exrate`,`UTC`) VALUES ('USDMAD', '9.667','2019-06-04 14:59:59');
    
    insert into `EXRATE` (`rate_name`,`exrate`,`UTC`) VALUES ('USDBZD', '2.015199','2019-06-04 14:59:59');
    insert into `EXRATE` (`rate_name`,`exrate`,`UTC`) VALUES ('USDCVE', '98.8425','2019-06-04 14:59:59');
    insert into `EXRATE` (`rate_name`,`exrate`,`UTC`) VALUES ('USDAED', '3.673281','2019-06-04 14:59:59');
    insert into `EXRATE` (`rate_name`,`exrate`,`UTC`) VALUES ('USDRWF', '905','2019-06-04 14:59:59');
    insert into `EXRATE` (`rate_name`,`exrate`,`UTC`) VALUES ('USDBGN', '1.741548','2019-06-04 14:59:59');
    insert into `EXRATE` (`rate_name`,`exrate`,`UTC`) VALUES ('USDPYG', '6285.700604','2019-06-04 14:59:59');
    insert into `EXRATE` (`rate_name`,`exrate`,`UTC`) VALUES ('USDCAD', '1.342867','2019-06-04 14:59:59');
    insert into `EXRATE` (`rate_name`,`exrate`,`UTC`) VALUES ('USDKGS', '68.708356','2019-06-04 14:59:59');
    insert into `EXRATE` (`rate_name`,`exrate`,`UTC`) VALUES ('USDBOB', '6.9086','2019-06-04 14:59:59');
    insert into `EXRATE` (`rate_name`,`exrate`,`UTC`) VALUES ('USDGTQ', '7.708275','2019-06-04 14:59:59');
    insert into `EXRATE` (`rate_name`,`exrate`,`UTC`) VALUES ('USDARS', '44.663','2019-06-04 14:59:59');
    insert into `EXRATE` (`rate_name`,`exrate`,`UTC`) VALUES ('USDBWP', '10.796012','2019-06-04 14:59:59');
    insert into `EXRATE` (`rate_name`,`exrate`,`UTC`) VALUES ('USDAUD', '1.43268','2019-06-04 14:59:59');
    insert into `EXRATE` (`rate_name`,`exrate`,`UTC`) VALUES ('USDCUC', '1','2019-06-04 14:59:59');
    insert into `EXRATE` (`rate_name`,`exrate`,`UTC`) VALUES ('USDBIF', '1857','2019-06-04 14:59:59');
    insert into `EXRATE` (`rate_name`,`exrate`,`UTC`) VALUES ('USDIRR', '42105','2019-06-04 14:59:59');
    insert into `EXRATE` (`rate_name`,`exrate`,`UTC`) VALUES ('USDUYU', '35.076338','2019-06-04 14:59:59');
    insert into `EXRATE` (`rate_name`,`exrate`,`UTC`) VALUES ('USDNGN', '359.415195','2019-06-04 14:59:59');
    insert into `EXRATE` (`rate_name`,`exrate`,`UTC`) VALUES ('USDSBD', '8.205546','2019-06-04 14:59:59');
    insert into `EXRATE` (`rate_name`,`exrate`,`UTC`) VALUES ('USDXPF', '106.239905','2019-06-04 14:59:59');
    insert into `EXRATE` (`rate_name`,`exrate`,`UTC`) VALUES ('USDDJF', '178.05','2019-06-04 14:59:59');
    insert into `EXRATE` (`rate_name`,`exrate`,`UTC`) VALUES ('USDEUR', '0.89029','2019-06-04 14:59:59');
    insert into `EXRATE` (`rate_name`,`exrate`,`UTC`) VALUES ('USDALL', '108.77','2019-06-04 14:59:59');
    insert into `EXRATE` (`rate_name`,`exrate`,`UTC`) VALUES ('USDANG', '1.874611','2019-06-04 14:59:59');
    insert into `EXRATE` (`rate_name`,`exrate`,`UTC`) VALUES ('USDBRL', '3.86735','2019-06-04 14:59:59');
    insert into `EXRATE` (`rate_name`,`exrate`,`UTC`) VALUES ('USDUGX', '3767.132341','2019-06-04 14:59:59');
    insert into `EXRATE` (`rate_name`,`exrate`,`UTC`) VALUES ('USDMRO', '357','2019-06-04 14:59:59');
    
    insert into `EXRATE` (`rate_name`,`exrate`,`UTC`) VALUES ('USDZAR', '14.703683','2019-06-04 14:59:59');
    insert into `EXRATE` (`rate_name`,`exrate`,`UTC`) VALUES ('USDTND', '2.998118','2019-06-04 14:59:59');
    insert into `EXRATE` (`rate_name`,`exrate`,`UTC`) VALUES ('USDSAR', '3.750123','2019-06-04 14:59:59');
    insert into `EXRATE` (`rate_name`,`exrate`,`UTC`) VALUES ('USDBAM', '1.736747','2019-06-04 14:59:59');
    insert into `EXRATE` (`rate_name`,`exrate`,`UTC`) VALUES ('USDEGP', '16.7655','2019-06-04 14:59:59');
    insert into `EXRATE` (`rate_name`,`exrate`,`UTC`) VALUES ('USDCUP', '25.75','2019-06-04 14:59:59');
    insert into `EXRATE` (`rate_name`,`exrate`,`UTC`) VALUES ('USDSRD', '7.458','2019-06-04 14:59:59');
    insert into `EXRATE` (`rate_name`,`exrate`,`UTC`) VALUES ('USDKHR', '4064','2019-06-04 14:59:59');
    insert into `EXRATE` (`rate_name`,`exrate`,`UTC`) VALUES ('USDMKD', '54.916141','2019-06-04 14:59:59');
    insert into `EXRATE` (`rate_name`,`exrate`,`UTC`) VALUES ('USDVND', '23456.190857','2019-06-04 14:59:59');
    insert into `EXRATE` (`rate_name`,`exrate`,`UTC`) VALUES ('USDVUV', '111.903564','2019-06-04 14:59:59');
    insert into `EXRATE` (`rate_name`,`exrate`,`UTC`) VALUES ('USDLSL', '14.67','2019-06-04 14:59:59');
    insert into `EXRATE` (`rate_name`,`exrate`,`UTC`) VALUES ('USDYER', '250.300787','2019-06-04 14:59:59');
    insert into `EXRATE` (`rate_name`,`exrate`,`UTC`) VALUES ('USDZMW', '13.053','2019-06-04 14:59:59');
    insert into `EXRATE` (`rate_name`,`exrate`,`UTC`) VALUES ('USDLVL', '0.62055','2015-06-22 08:37:00');
    insert into `EXRATE` (`rate_name`,`exrate`,`UTC`) VALUES ('USDJMD', '135.57','2019-06-04 14:59:59');
    insert into `EXRATE` (`rate_name`,`exrate`,`UTC`) VALUES ('USDGGP', '0.788914','2019-06-04 14:59:59');
    insert into `EXRATE` (`rate_name`,`exrate`,`UTC`) VALUES ('USDXAU', '0.00075679','2019-06-04 14:59:59');
    insert into `EXRATE` (`rate_name`,`exrate`,`UTC`) VALUES ('USDSLL', '8390','2019-06-04 14:59:59');
    insert into `EXRATE` (`rate_name`,`exrate`,`UTC`) VALUES ('USDMXV', '3.079749','2018-08-01 13:30:00');
    insert into `EXRATE` (`rate_name`,`exrate`,`UTC`) VALUES ('USDSEK', '9.461078','2019-06-04 14:59:59');
    insert into `EXRATE` (`rate_name`,`exrate`,`UTC`) VALUES ('USDSHP', '0.788914','2019-06-04 14:59:59');
    insert into `EXRATE` (`rate_name`,`exrate`,`UTC`) VALUES ('USDNOK', '8.715537','2019-06-04 14:59:59');
    insert into `EXRATE` (`rate_name`,`exrate`,`UTC`) VALUES ('USDCZK', '22.91809','2019-06-04 14:59:59');
    insert into `EXRATE` (`rate_name`,`exrate`,`UTC`) VALUES ('USDXOF', '583.992223','2019-06-04 14:59:59');
    insert into `EXRATE` (`rate_name`,`exrate`,`UTC`) VALUES ('USDHTG', '92.592302','2019-06-04 14:59:59');
    insert into `EXRATE` (`rate_name`,`exrate`,`UTC`) VALUES ('USDMGA', '3670','2019-06-04 14:59:59');
    insert into `EXRATE` (`rate_name`,`exrate`,`UTC`) VALUES ('USDFKP', '0.788914','2019-06-04 14:59:59');
    insert into `EXRATE` (` rate_name`,`exrate `,`UTC`) VALUES ('USDCUC', '1','2019-06-07 01:59:59');
    insert into `EXRATE` (` rate_name`,`exrate `,`UTC`) VALUES ('USDINR', '69.15691','2019-06-07 01:59:59');
    insert into `EXRATE` (` rate_name`,`exrate `,`UTC`) VALUES ('USDFKP', '0.787687','2019-06-07 01:59:59');
    insert into `EXRATE` (` rate_name`,`exrate `,`UTC`) VALUES ('USDITL', '1700.272217','2017-02-24 19:34:31');
    insert into `EXRATE` (` rate_name`,`exrate `,`UTC`) VALUES ('USDGHS', '5.350427','2019-06-07 01:59:59');
    insert into `EXRATE` (` rate_name`,`exrate `,`UTC`) VALUES ('USDNAD', '14.859434','2019-06-07 01:59:59');
    insert into `EXRATE` (` rate_name`,`exrate `,`UTC`) VALUES ('USDSTD', '21050.59961','2019-06-07 01:59:59');
    insert into `EXRATE` (` rate_name`,`exrate `,`UTC`) VALUES ('USDPEN', '3.337966','2019-06-07 01:59:59');
    insert into `EXRATE` (` rate_name`,`exrate `,`UTC`) VALUES ('USDCHF', '0.991417','2019-06-07 01:59:59');
    insert into `EXRATE` (` rate_name`,`exrate `,`UTC`) VALUES ('USDAED', '3.673181','2019-06-07 01:59:59');
    insert into `EXRATE` (` rate_name`,`exrate `,`UTC`) VALUES ('USDUGX', '3758.781265','2019-06-07 01:59:59');
    insert into `EXRATE` (` rate_name`,`exrate `,`UTC`) VALUES ('USDBBD', '2','2019-06-07 01:59:59');
    insert into `EXRATE` (` rate_name`,`exrate `,`UTC`) VALUES ('USDKES', '101.16','2019-06-07 01:59:59');
    insert into `EXRATE` (` rate_name`,`exrate `,`UTC`) VALUES ('USDECS', '25000','2017-02-24 19:27:22');
    insert into `EXRATE` (` rate_name`,`exrate `,`UTC`) VALUES ('USDHUX', '274.959991','2018-08-01 10:30:05');
    insert into `EXRATE` (` rate_name`,`exrate `,`UTC`) VALUES ('USDHTG', '91.852387','2019-06-07 01:59:59');
    insert into `EXRATE` (` rate_name`,`exrate `,`UTC`) VALUES ('USDGBP', '0.787687','2019-06-07 01:59:59');
    insert into `EXRATE` (` rate_name`,`exrate `,`UTC`) VALUES ('USDTZS', '2299.2','2019-06-07 01:59:59');
    insert into `EXRATE` (` rate_name`,`exrate `,`UTC`) VALUES ('USDXOF', '581.780045','2019-06-07 01:59:59');
    insert into `EXRATE` (` rate_name`,`exrate `,`UTC`) VALUES ('USDLRD', '193.750097','2019-06-07 01:59:59');
    insert into `EXRATE` (` rate_name`,`exrate `,`UTC`) VALUES ('USDDEM', '1.71745','2015-06-22 07:35:00');
    insert into `EXRATE` (` rate_name`,`exrate `,`UTC`) VALUES ('USDEUR', '0.886918','2019-06-07 01:59:59');
    insert into `EXRATE` (` rate_name`,`exrate `,`UTC`) VALUES ('USDGEL', '2.735','2019-06-07 01:59:59');
    insert into `EXRATE` (` rate_name`,`exrate `,`UTC`) VALUES ('USDSEK', '9.420717','2019-06-07 01:59:59');
    insert into `EXRATE` (` rate_name`,`exrate `,`UTC`) VALUES ('USDCDF', '1642.05248','2019-06-07 01:59:59');
    insert into `EXRATE` (` rate_name`,`exrate `,`UTC`) VALUES ('USDNOK', '8.6978','2019-06-07 01:59:59');
    insert into `EXRATE` (` rate_name`,`exrate `,`UTC`) VALUES ('USDAFN', '79.809','2019-06-07 01:59:59');
    insert into `EXRATE` (` rate_name`,`exrate `,`UTC`) VALUES ('USDVEF', '248487.642241','2019-06-07 01:59:59');
    insert into `EXRATE` (` rate_name`,`exrate `,`UTC`) VALUES ('USDVES', '5906.500631','2019-06-07 01:59:59');
    insert into `EXRATE` (` rate_name`,`exrate `,`UTC`) VALUES ('USDMVR', '15.400026','2019-06-07 01:59:59');
    insert into `EXRATE` (` rate_name`,`exrate `,`UTC`) VALUES ('USDWST', '2.615465','2019-06-07 01:59:59');
    insert into `EXRATE` (` rate_name`,`exrate `,`UTC`) VALUES ('USDGTQ', '7.691784','2019-06-07 01:59:59');
    insert into `EXRATE` (` rate_name`,`exrate `,`UTC`) VALUES ('USDSDG', '44.942172','2019-06-07 01:59:59');
    insert into `EXRATE` (` rate_name`,`exrate `,`UTC`) VALUES ('USDHNL', '24.383472','2019-06-07 01:59:59');
    insert into `EXRATE` (` rate_name`,`exrate `,`UTC`) VALUES ('USDLKR', '175.759249','2019-06-07 01:59:59');
    insert into `EXRATE` (` rate_name`,`exrate `,`UTC`) VALUES ('USDRWF', '905.752975','2019-06-07 01:59:59');
    insert into `EXRATE` (` rate_name`,`exrate `,`UTC`) VALUES ('USDXPD', '0.00073966','2019-06-07 01:59:59');
    insert into `EXRATE` (` rate_name`,`exrate `,`UTC`) VALUES ('USDGIP', '0.787687','2019-06-07 01:59:59');
    insert into `EXRATE` (` rate_name`,`exrate `,`UTC`) VALUES ('USDTND', '2.989669','2019-06-07 01:59:59');
    insert into `EXRATE` (` rate_name`,`exrate `,`UTC`) VALUES ('USDBSD', '1','2019-06-07 01:59:59');
    insert into `EXRATE` (` rate_name`,`exrate `,`UTC`) VALUES ('USDTRY', '5.7878','2019-06-07 01:59:59');
    insert into `EXRATE` (` rate_name`,`exrate `,`UTC`) VALUES ('USDCUP', '25.75','2019-06-07 01:59:59');
    insert into `EXRATE` (` rate_name`,`exrate `,`UTC`) VALUES ('USDLYD', '1.39479','2019-06-07 01:59:59');
    insert into `EXRATE` (` rate_name`,`exrate `,`UTC`) VALUES ('USDDOP', '50.245811','2019-06-07 01:59:59');
    insert into `EXRATE` (` rate_name`,`exrate `,`UTC`) VALUES ('USDKHR', '4066.082541','2019-06-07 01:59:59');
    insert into `EXRATE` (` rate_name`,`exrate `,`UTC`) VALUES ('USDTJS', '9.406067','2019-06-07 01:59:59');
    insert into `EXRATE` (` rate_name`,`exrate `,`UTC`) VALUES ('USDSVC', '8.717903','2019-06-07 01:59:59');
    insert into `EXRATE` (` rate_name`,`exrate `,`UTC`) VALUES ('USDBDT', '84.22283','2019-06-07 01:59:59');
    insert into `EXRATE` (` rate_name`,`exrate `,`UTC`) VALUES ('USDDKK', '6.623185','2019-06-07 01:59:59');
    insert into `EXRATE` (` rate_name`,`exrate `,`UTC`) VALUES ('PALLADIUM1OZ', '0.001099','2018-08-02 07:58:38');
    insert into `EXRATE` (` rate_name`,`exrate `,`UTC`) VALUES ('USDBMD', '1','2019-06-07 01:59:59');
    insert into `EXRATE` (` rate_name`,`exrate `,`UTC`) VALUES ('USDSOS', '576.370572','2019-06-07 01:59:59');
    insert into `EXRATE` (` rate_name`,`exrate `,`UTC`) VALUES ('USDBND', '1.350697','2019-06-07 01:59:59');
    insert into `EXRATE` (` rate_name`,`exrate `,`UTC`) VALUES ('USDSGD', '1.364161','2019-06-07 01:59:59');
    insert into `EXRATE` (` rate_name`,`exrate `,`UTC`) VALUES ('USDSCR', '13.680497','2019-06-07 01:59:59');
    insert into `EXRATE` (` rate_name`,`exrate `,`UTC`) VALUES ('USDMAD', '9.652403','2019-06-07 01:59:59');
    insert into `EXRATE` (` rate_name`,`exrate `,`UTC`) VALUES ('USDRSD', '104.546739','2019-06-07 01:59:59');
    insert into `EXRATE` (` rate_name`,`exrate `,`UTC`) VALUES ('USDAZN', '1.7025','2019-06-07 01:59:59');
    insert into `EXRATE` (` rate_name`,`exrate `,`UTC`) VALUES ('USDKYD', '0.830287','2019-06-07 01:59:59');
    insert into `EXRATE` (` rate_name`,`exrate `,`UTC`) VALUES ('USDZMW', '13.306499','2019-06-07 01:59:59');
    insert into `EXRATE` (` rate_name`,`exrate `,`UTC`) VALUES ('USDSZL', '14.859512','2019-06-07 01:59:59');
    insert into `EXRATE` (` rate_name`,`exrate `,`UTC`) VALUES ('USDLTL', '3.0487','2015-06-22 08:39:00');
    insert into `EXRATE` (` rate_name`,`exrate `,`UTC`) VALUES ('USDSYP', '514.98668','2019-06-07 01:59:59');
    insert into `EXRATE` (` rate_name`,`exrate `,`UTC`) VALUES ('USDFRF', '1700.272217','2017-02-27 21:21:09');
    insert into `EXRATE` (` rate_name`,`exrate `,`UTC`) VALUES ('USDMDL', '18.062045','2019-06-07 01:59:59');
    insert into `EXRATE` (` rate_name`,`exrate `,`UTC`) VALUES ('USDDJF', '178.05','2019-06-07 01:59:59');
    insert into `EXRATE` (` rate_name`,`exrate `,`UTC`) VALUES ('USDHUF', '284.623','2019-06-07 01:59:59');
    insert into `EXRATE` (` rate_name`,`exrate `,`UTC`) VALUES ('USDCNH', '6.926316','2019-06-07 01:59:59');
    insert into `EXRATE` (` rate_name`,`exrate `,`UTC`) VALUES ('USDMXV', '3.079749','2018-08-01 13:30:00');
    insert into `EXRATE` (` rate_name`,`exrate `,`UTC`) VALUES ('USDTMT', '3.50998','2019-06-07 01:59:59');
    insert into `EXRATE` (` rate_name`,`exrate `,`UTC`) VALUES ('USDRON', '4.189239','2019-06-07 01:59:59');
    insert into `EXRATE` (` rate_name`,`exrate `,`UTC`) VALUES ('USDUYU', '34.965156','2019-06-07 01:59:59');
    insert into `EXRATE` (` rate_name`,`exrate `,`UTC`) VALUES ('USDUAH', '26.578811','2019-06-07 01:59:59');
    insert into `EXRATE` (` rate_name`,`exrate `,`UTC`) VALUES ('USDSAR', '3.75025','2019-06-07 01:59:59');
    insert into `EXRATE` (` rate_name`,`exrate `,`UTC`) VALUES ('USDLAK', '8670.810383','2019-06-07 01:59:59');
    insert into `EXRATE` (` rate_name`,`exrate `,`UTC`) VALUES ('USDOMR', '0.385014','2019-06-07 01:59:59');
    
    insert into `EXRATE` (` rate_name`,`exrate `,`UTC`) VALUES ('USDBHD', '0.377059','2019-06-07 01:59:59');
    insert into `EXRATE` (` rate_name`,`exrate `,`UTC`) VALUES ('USDKPW', '900','2019-06-07 01:59:59');
    insert into `EXRATE` (` rate_name`,`exrate `,`UTC`) VALUES ('PLATINUM1UZ999', '0.001223','2018-08-02 07:58:38');
    insert into `EXRATE` (` rate_name`,`exrate `,`UTC`) VALUES ('USDQAR', '3.641223','2019-06-07 01:59:59');
    insert into `EXRATE` (` rate_name`,`exrate `,`UTC`) VALUES ('USDUSD', '1','2019-06-07 01:59:59');
    insert into `EXRATE` (` rate_name`,`exrate `,`UTC`) VALUES ('USDMKD', '54.587537','2019-06-07 01:59:59');
    insert into `EXRATE` (` rate_name`,`exrate `,`UTC`) VALUES ('USDBGN', '1.733375','2019-06-07 01:59:59');
    insert into `EXRATE` (` rate_name`,`exrate `,`UTC`) VALUES ('USDXAF', '581.780045','2019-06-07 01:59:59');
    insert into `EXRATE` (` rate_name`,`exrate `,`UTC`) VALUES ('USDJMD', '135.72','2019-06-07 01:59:59');
    insert into `EXRATE` (` rate_name`,`exrate `,`UTC`) VALUES ('USDAUD', '1.432977','2019-06-07 01:59:59');
    insert into `EXRATE` (` rate_name`,`exrate `,`UTC`) VALUES ('USDETB', '28.750075','2019-06-07 01:59:59');
    insert into `EXRATE` (` rate_name`,`exrate `,`UTC`) VALUES ('USDYER', '250.349279','2019-06-07 01:59:59');
    insert into `EXRATE` (` rate_name`,`exrate `,`UTC`) VALUES ('USDVND', '23320.039705','2019-06-07 01:59:59');
    insert into `EXRATE` (` rate_name`,`exrate `,`UTC`) VALUES ('USDBRX', '3.7485','2018-08-01 16:15:02');
    
    insert into `EXRATE` (` rate_name`,`exrate `,`UTC`) VALUES ('USDBTC', '0.000128210632','2019-06-07 01:59:59');
    insert into `EXRATE` (` rate_name`,`exrate `,`UTC`) VALUES ('USDCAD', '1.33503','2019-06-07 01:59:59');
    insert into `EXRATE` (` rate_name`,`exrate `,`UTC`) VALUES ('USDZAR', '15.011093','2019-06-07 01:59:59');
    insert into `EXRATE` (` rate_name`,`exrate `,`UTC`) VALUES ('USDXPT', '0.00124457','2019-06-07 01:59:59');
    insert into `EXRATE` (` rate_name`,`exrate `,`UTC`) VALUES ('COPPERHIGHGRADE', '0.363702','2018-08-02 07:58:38');
    insert into `EXRATE` (` rate_name`,`exrate `,`UTC`) VALUES ('USDXCD', '2.70255','2019-06-07 01:59:59');
    insert into `EXRATE` (` rate_name`,`exrate `,`UTC`) VALUES ('USDSRD', '7.458','2019-06-07 01:59:59');
    insert into `EXRATE` (` rate_name`,`exrate `,`UTC`) VALUES ('USDBYN', '2.091669','2019-06-07 01:59:59');
    insert into `EXRATE` (` rate_name`,`exrate `,`UTC`) VALUES ('USDBIF', '1828.453744','2019-06-07 01:59:59');
    insert into `EXRATE` (` rate_name`,`exrate `,`UTC`) VALUES ('USDLBP', '1506.534699','2019-06-07 01:59:59');
    insert into `EXRATE` (` rate_name`,`exrate `,`UTC`) VALUES ('USDMNT', '2453.75','2019-06-07 01:59:59');
    insert into `EXRATE` (` rate_name`,`exrate `,`UTC`) VALUES ('USDZWL', '322.355011','2019-06-07 01:59:59');
    insert into `EXRATE` (` rate_name`,`exrate `,`UTC`) VALUES ('USDIQD', '1188.846855','2019-06-07 01:59:59');
    insert into `EXRATE` (` rate_name`,`exrate `,`UTC`) VALUES ('USDKZT', '383.422323','2019-06-07 01:59:59');
    insert into `EXRATE` (` rate_name`,`exrate `,`UTC`) VALUES ('USDMXN', '19.6572','2019-06-07 01:59:59');
    insert into `EXRATE` (` rate_name`,`exrate `,`UTC`) VALUES ('USDCLP', '692.9','2019-06-07 01:59:59');
    insert into `EXRATE` (` rate_name`,`exrate `,`UTC`) VALUES ('USDSIT', '216.486755','2015-07-27 13:25:00');
    insert into `EXRATE` (` rate_name`,`exrate `,`UTC`) VALUES ('USDMZN', '62.242136','2019-06-07 01:59:59');
    insert into `EXRATE` (` rate_name`,`exrate `,`UTC`) VALUES ('USDAMD', '477.503942','2019-06-07 01:59:59');
    insert into `EXRATE` (` rate_name`,`exrate `,`UTC`) VALUES ('USDCLF', '0.024244','2019-06-07 01:59:59');
    insert into `EXRATE` (` rate_name`,`exrate `,`UTC`) VALUES ('USDGGP', '0.787687','2019-06-07 01:59:59');
    insert into `EXRATE` (` rate_name`,`exrate `,`UTC`) VALUES ('USDJOD', '0.709001','2019-06-07 01:59:59');
    insert into `EXRATE` (` rate_name`,`exrate `,`UTC`) VALUES ('USDIDR', '14191','2019-06-07 01:59:59');
    insert into `EXRATE` (` rate_name`,`exrate `,`UTC`) VALUES ('USDGNF', '9102.330265','2019-06-07 01:59:59');
    insert into `EXRATE` (` rate_name`,`exrate `,`UTC`) VALUES ('USDMRO', '357','2019-06-07 01:59:59');
    insert into `EXRATE` (` rate_name`,`exrate `,`UTC`) VALUES ('USDBRL', '3.87989','2019-06-07 01:59:59');
    insert into `EXRATE` (` rate_name`,`exrate `,`UTC`) VALUES ('USDMWK', '789.809303','2019-06-07 01:59:59');
    insert into `EXRATE` (` rate_name`,`exrate `,`UTC`) VALUES ('USDBOB', '6.884801','2019-06-07 01:59:59');
    insert into `EXRATE` (` rate_name`,`exrate `,`UTC`) VALUES ('USDEGP', '16.7755','2019-06-07 01:59:59');
    insert into `EXRATE` (` rate_name`,`exrate `,`UTC`) VALUES ('USDGMD', '49.25','2019-06-07 01:59:59');
    insert into `EXRATE` (` rate_name`,`exrate `,`UTC`) VALUES ('USDARS', '44.8903','2019-06-07 01:59:59');
    insert into `EXRATE` (` rate_name`,`exrate `,`UTC`) VALUES ('USDLTC', '0.2607561929595828','2018-08-02 21:56:02');
    insert into `EXRATE` (` rate_name`,`exrate `,`UTC`) VALUES ('USDDZD', '119.316147','2019-06-07 01:59:59');
    insert into `EXRATE` (` rate_name`,`exrate `,`UTC`) VALUES ('USDMYR', '4.157573','2019-06-07 01:59:59');
    insert into `EXRATE` (` rate_name`,`exrate `,`UTC`) VALUES ('USDNZD', '1.510574','2019-06-07 01:59:59');
    insert into `EXRATE` (` rate_name`,`exrate `,`UTC`) VALUES ('USDSSP', '130.2634','2019-06-07 01:59:59');
    insert into `EXRATE` (` rate_name`,`exrate `,`UTC`) VALUES ('USDPGK', '3.374531','2019-06-07 01:59:59');
    insert into `EXRATE` (` rate_name`,`exrate `,`UTC`) VALUES ('USDERN', '14.996582','2019-06-07 01:59:59');
    insert into `EXRATE` (` rate_name`,`exrate `,`UTC`) VALUES ('USDAWG', '1.799996','2019-06-07 01:59:59');
    insert into `EXRATE` (` rate_name`,`exrate `,`UTC`) VALUES ('USDVUV', '111.691222','2019-06-07 01:59:59');
    insert into `EXRATE` (` rate_name`,`exrate `,`UTC`) VALUES ('USDANG', '1.868168','2019-06-07 01:59:59');
    insert into `EXRATE` (` rate_name`,`exrate `,`UTC`) VALUES ('USDBYR', '20020','2016-06-30 13:27:21');
    insert into `EXRATE` (` rate_name`,`exrate `,`UTC`) VALUES ('USDAOA', '333.7815','2019-06-07 01:59:59');
    insert into `EXRATE` (` rate_name`,`exrate `,`UTC`) VALUES ('USDMGA', '3652.386314','2019-06-07 01:59:59');
    insert into `EXRATE` (` rate_name`,`exrate `,`UTC`) VALUES ('USDBTN', '69.043552','2019-06-07 01:59:59');
    insert into `EXRATE` (` rate_name`,`exrate `,`UTC`) VALUES ('USDKWD', '0.303834','2019-06-07 01:59:59');
    insert into `EXRATE` (` rate_name`,`exrate `,`UTC`) VALUES ('USDPAB', '1','2019-06-07 01:59:59');
    insert into `EXRATE` (` rate_name`,`exrate `,`UTC`) VALUES ('USDSLL', '8390','2019-06-07 01:59:59');
    insert into `EXRATE` (` rate_name`,`exrate `,`UTC`) VALUES ('USDILS', '3.5962','2019-06-07 01:59:59');
    insert into `EXRATE` (` rate_name`,`exrate `,`UTC`) VALUES ('USDSTN', '21.82','2019-06-07 01:59:59');
    insert into `EXRATE` (` rate_name`,`exrate `,`UTC`) VALUES ('USDKMF', '436.749217','2019-06-07 01:59:59');
    insert into `EXRATE` (` rate_name`,`exrate `,`UTC`) VALUES ('USDCOP', '3294.132715','2019-06-07 01:59:59');
    insert into `EXRATE` (` rate_name`,`exrate `,`UTC`) VALUES ('USDISK', '123.529979','2019-06-07 01:59:59');
    insert into `EXRATE` (` rate_name`,`exrate `,`UTC`) VALUES ('USDIMP', '0.787687','2019-06-07 01:59:59');
    insert into `EXRATE` (` rate_name`,`exrate `,`UTC`) VALUES ('USDNIO', '32.830002','2019-06-07 01:59:59');
    insert into `EXRATE` (` rate_name`,`exrate `,`UTC`) VALUES ('USDBWP', '10.87115','2019-06-07 01:59:59');
    insert into `EXRATE` (` rate_name`,`exrate `,`UTC`) VALUES ('USDHRK', '6.5823','2019-06-07 01:59:59');
    insert into `EXRATE` (` rate_name`,`exrate `,`UTC`) VALUES ('USDBZD', '2.008428','2019-06-07 01:59:59');
    insert into `EXRATE` (` rate_name`,`exrate `,`UTC`) VALUES ('USDNGN', '359.189263','2019-06-07 01:59:59');
    insert into `EXRATE` (` rate_name`,`exrate `,`UTC`) VALUES ('USDCZK', '22.739373','2019-06-07 01:59:59');
    insert into `EXRATE` (` rate_name`,`exrate `,`UTC`) VALUES ('USDMUR', '35.6295','2019-06-07 01:59:59');
    insert into `EXRATE` (` rate_name`,`exrate `,`UTC`) VALUES ('USDMRU', '36.775','2019-06-07 01:59:59');
    insert into `EXRATE` (` rate_name`,`exrate `,`UTC`) VALUES ('USDJEP', '0.787687','2019-06-07 01:59:59');
    insert into `EXRATE` (` rate_name`,`exrate `,`UTC`) VALUES ('USDSBD', '8.227108','2019-06-07 01:59:59');
    insert into `EXRATE` (` rate_name`,`exrate `,`UTC`) VALUES ('USDCRC', '586.397327','2019-06-07 01:59:59');
    insert into `EXRATE` (` rate_name`,`exrate `,`UTC`) VALUES ('USDXPF', '105.837466','2019-06-07 01:59:59');
    insert into `EXRATE` (` rate_name`,`exrate `,`UTC`) VALUES ('USDXDR', '0.719438','2019-06-07 01:59:59');
    insert into `EXRATE` (` rate_name`,`exrate `,`UTC`) VALUES ('USDGYD', '208.651986','2019-06-07 01:59:59');
    insert into `EXRATE` (` rate_name`,`exrate `,`UTC`) VALUES ('USDIEP', '0.699154','2015-06-23 04:53:00');
    insert into `EXRATE` (` rate_name`,`exrate `,`UTC`) VALUES ('XAUX', '0.000816','2018-08-02 07:58:38');
    insert into `EXRATE` (` rate_name`,`exrate `,`UTC`) VALUES ('USDPYG', '6267.197196','2019-06-07 01:59:59');
    insert into `EXRATE` (` rate_name`,`exrate `,`UTC`) VALUES ('USDXAU', '0.00074992','2019-06-07 01:59:59');
    insert into `EXRATE` (` rate_name`,`exrate `,`UTC`) VALUES ('USDNPR', '110.470775','2019-06-07 01:59:59');
    insert into `EXRATE` (` rate_name`,`exrate `,`UTC`) VALUES ('USDRUB', '65.0799','2019-06-07 01:59:59');
    insert into `EXRATE` (` rate_name`,`exrate `,`UTC`) VALUES ('USDMMK', '1521.408611','2019-06-07 01:59:59');
    insert into `EXRATE` (` rate_name`,`exrate `,`UTC`) VALUES ('USDCVE', '98.73','2019-06-07 01:59:59');
    insert into `EXRATE` (` rate_name`,`exrate `,`UTC`) VALUES ('USD', '1','2018-08-02 07:00:00');
    insert into `EXRATE` (` rate_name`,`exrate `,`UTC`) VALUES ('USDUZS', '8481.534984','2019-06-07 01:59:59');
    insert into `EXRATE` (` rate_name`,`exrate `,`UTC`) VALUES ('USDLSL', '14.859434','2019-06-07 01:59:59');
    insert into `EXRATE` (` rate_name`,`exrate `,`UTC`) VALUES ('USDDOGE', '5455.376655570431','2018-08-02 21:56:02');
    insert into `EXRATE` (` rate_name`,`exrate `,`UTC`) VALUES ('USDLVL', '0.62055','2015-06-22 08:37:00');
    insert into `EXRATE` (` rate_name`,`exrate `,`UTC`) VALUES ('USDHKD', '7.84135','2019-06-07 01:59:59');
    insert into `EXRATE` (` rate_name`,`exrate `,`UTC`) VALUES ('USDTTD', '6.748234','2019-06-07 01:59:59');
    insert into `EXRATE` (` rate_name`,`exrate `,`UTC`) VALUES ('USDKGS', '68.706253','2019-06-07 01:59:59');
    insert into `EXRATE` (` rate_name`,`exrate `,`UTC`) VALUES ('USDXAG', '0.06716819','2019-06-07 01:59:59');
    insert into `EXRATE` (` rate_name`,`exrate `,`UTC`) VALUES ('SILVER1OZ999NY', '0.064809','2018-08-02 07:58:38');
    insert into `EXRATE` (` rate_name`,`exrate `,`UTC`) VALUES ('USDPLN', '3.7895','2019-06-07 01:59:59');
    insert into `EXRATE` (` rate_name`,`exrate `,`UTC`) VALUES ('USDMOP', '8.047035','2019-06-07 01:59:59');
    insert into `EXRATE` (` rate_name`,`exrate `,`UTC`) VALUES ('USDTOP', '2.286618','2019-06-07 01:59:59');
    insert into `EXRATE` (` rate_name`,`exrate `,`UTC`) VALUES ('USDBAM', '1.734548','2019-06-07 01:59:59');
    insert into `EXRATE` (` rate_name`,`exrate `,`UTC`) VALUES ('USDFJD', '2.145105','2019-06-07 01:59:59');
    insert into `EXRATE` (` rate_name`,`exrate `,`UTC`) VALUES ('USDPKR', '146.411888','2019-06-07 01:59:59');
    insert into `EXRATE` (` rate_name`,`exrate `,`UTC`) VALUES ('USDALL', '108.578441','2019-06-07 01:59:59');
    insert into `EXRATE` (` rate_name`,`exrate `,`UTC`) VALUES ('USDSHP', '0.787687','2019-06-07 01:59:59');
    insert into `EXRATE` (` rate_name`,`exrate `,`UTC`) VALUES ('USDIRR', '42529.9919188','2019-06-07 01:59:5');

    insert into `EXRATE` (`rate_name`,`exrate`,`UTC`) VALUES ('USDKRW', '1182','2019-06-04 14:59:59');
insert into `EXRATE` (` rate_name`,`exrate `,`UTC`) VALUES ('USDKRW', '1178.205','2019-06-07 01:59:59');
insert into `EXRATE` (`rate_name`,`exrate`,`UTC`) VALUES ('USDJPY', '108.32966667','2019-06-04 14:59:59');
insert into `EXRATE` (` rate_name`,`exrate `,`UTC`) VALUES ('USDJPY', '108.48142857','2019-06-07 01:59:59');
insert into `EXRATE` (`rate_name`,`exrate`,`UTC`) VALUES ('USDCNY', '6.909','2019-06-04 14:59:59');
insert into `EXRATE` (` rate_name`,`exrate `,`UTC`) VALUES ('USDCNY', '6.9098','2019-06-07 01:59:59');
insert into `EXRATE` (`rate_name`,`exrate`,`UTC`) VALUES ('USDTWD', '31.434787','2019-06-04 14:59:59');
insert into `EXRATE` (` rate_name`,`exrate `,`UTC`) VALUES ('USDTWD', '31.3299','2019-06-07 01:59:59');
insert into `EXRATE` (`rate_name`,`exrate`,`UTC`) VALUES ('USDPHP', '51.825','2019-06-04 14:59:59');
insert into `EXRATE` (` rate_name`,`exrate `,`UTC`) VALUES ('USDPHP', '51.7055','2019-06-07 01:59:59');
insert into `EXRATE` (`rate_name`,`exrate`,`UTC`) VALUES ('USDTHB', '31.3585','2019-06-04 14:59:59');
insert into `EXRATE` (` rate_name`,`exrate `,`UTC`) VALUES ('USDTHB', '31.3','2019-06-07 01:59:59');

insert into `EXRATE` (`
rate_name`,`exrate
`,`UTC`) VALUES
('USDKRW', '1182','2019-06-04 14:59:59');
insert into `EXRATE` (`
rate_name`,`exrate
`,`UTC`) VALUES
('USDKRW', '1178.205','2019-06-07 01:59:59');
insert into `EXRATE` (`
rate_name`,`exrate
`,`UTC`) VALUES
('USDJPY', '108.32966667','2019-06-04 14:59:59');
insert into `EXRATE` (`
rate_name`,`exrate
`,`UTC`) VALUES
('USDJPY', '108.48142857','2019-06-07 01:59:59');
insert into `EXRATE` (`
rate_name`,`exrate
`,`UTC`) VALUES
('USDCNY', '6.909','2019-06-04 14:59:59');
insert into `EXRATE` (`
rate_name`,`exrate
`,`UTC`) VALUES
('USDCNY', '6.9098','2019-06-07 01:59:59');
insert into `EXRATE` (`
rate_name`,`exrate
`,`UTC`) VALUES
('USDTWD', '31.434787','2019-06-04 14:59:59');
insert into `EXRATE` (`
rate_name`,`exrate
`,`UTC`) VALUES
('USDTWD', '31.3299','2019-06-07 01:59:59');
insert into `EXRATE` (`
rate_name`,`exrate
`,`UTC`) VALUES
('USDPHP', '51.825','2019-06-04 14:59:59');
insert into `EXRATE` (`
rate_name`,`exrate
`,`UTC`) VALUES
('USDPHP', '51.7055','2019-06-07 01:59:59');
insert into `EXRATE` (`
rate_name`,`exrate
`,`UTC`) VALUES
('USDTHB', '31.3585','2019-06-04 14:59:59');
insert into `EXRATE` (`
rate_name`,`exrate
`,`UTC`) VALUES
('USDTHB', '31.3','2019-06-07 01:59:59');